ID,Name,Department,Salary,Email
101,Amaan Siddiqui,IT,lLVhpsUx/iQeH4Zb9zWKAA==,TYoLwRzlqtwfGH+wkTTe8kR5nPLGo7/6Fmfi2ZL/0/0=
102,Nishank Bathri,Marketing,e9GM591/FHKUeYPlaMJLNQ==,aU65jtXwD4Zqko/0XXqKL0R5nPLGo7/6Fmfi2ZL/0/0=
103,Tikesh Kardate,IOT,VUC38hlxuqQxTJ5mNBh91A==,ePcoh/NcTkPk9U0ImphH/UR5nPLGo7/6Fmfi2ZL/0/0=
104,Abhay Gautam,Development,vwPv9UWDulc4rfUymJWUlg==,oUxHfRHGM+1keaiQUeJkmG43akA4TUGRR0xEzDTgviU=
105,Sonu Sharma,IT,SV3hJIt9wPzwqNE65+icuw==,oHRXVe8ONQtK+VoLNpnq+CSZmVLbyHMk4d+WV6rM0h8=
106,Harshveer Singh,Development,mCTJ5i4C9dMLWDIM05DtYQ==,sInIH2oICgBZ38syRDjwQB5HBileQzbJVpGF/gegD8k=
107,Arham Khan,IT,Om+BOaYOgesCxS+vO7WcCg==,YP/XL+csVZ0BDKfkTFvq/5th5uefvHY5levRSm5kzcM=
108,Kanchan Sahu,HR,lLVhpsUx/iQeH4Zb9zWKAA==,tlsjodjs0EEBNVSPrZmEzW43akA4TUGRR0xEzDTgviU=
109,Neeraj Prajapati,Development,e9GM591/FHKUeYPlaMJLNQ==,fXK1KPabxWlaHfVXFNHFczhrQoRZOiGDI8Dm22acwF8=
110,Fazila Ali,Development,ufg+9ismZ0JkYCVEbHnVTQ==,YLc90iws94fLxsQeae5a8pth5uefvHY5levRSm5kzcM=
